size,nprocs,time
100000000,16,8.80113
100000000,1,36.4515
100000000,2,22.1601
100000000,32,7.83328
100000000,4,14.3909
100000000,8,10.5118
