size,nprocs,time
160000000,16,10.6247
10000000,1,2.88946
160000000,1,56.7222
20000000,1,6.00992
40000000,1,12.9481
80000000,1,27.5388
20000000,2,3.63097
40000000,4,4.48512
80000000,8,6.32767
