size,nprocs,time
160000000,16,10.6247
10000000,1,2.88946
20000000,2,3.63097
40000000,4,4.48512
80000000,8,6.32767
